story_id,canonical_title,summary,average_risk_score,average_recency,articles,canonical_source,avg_impact_score,avg_frequency,avg_location,risk_label
1166.0,White House Ousting of National Science Board,"The White House initiated a significant controversy by ousting the entire National Science Board. This unprecedented dismissal was widely interpreted as an escalation of the Trump administration's attack on science, drawing immediate concern from the scientific community. In response, scientists are actively lobbying Congress, pressing them not only on the abrupt firing of the National Science Foundation Board members but also on the broader implications for research funding. This action has highlighted a growing tension between the administration and scientific governance, raising questions about the future independence and financial support for critical scientific endeavors.",,,"[{Timestamp('2026-04-27 00:00:00+0000', tz='UTC'): 'White House Ousts Entire National Science Board'}, {Timestamp('2026-05-07 18:33:10+0000', tz='UTC'): 'Trump’s Attack on Science Escalates With Firing of Entire National Science Board'}, {Timestamp('2026-05-11 09:03:39+0000', tz='UTC'): 'Scientists Press Congress on Dismissal of National Science Foundation Board and Research Funding'}]",gemini,1.0,5.0,1.0,No Risk
1176.0,Tulane University Challenges and Transitions,"The Tulane Hullabaloo recently reported on pressing issues impacting the university and its own operations. Faculty within Tulane's liberal arts building are struggling amidst an ""endless"" renovation project, creating challenging work conditions. Concurrently, professors have raised serious academic freedom concerns, describing the situation as ""intellectual amputation,"" indicating a perceived threat to scholarly independence. Amidst these campus-wide developments, The Hullabaloo itself bid farewell to graduating seniors whose significant contributions left a lasting impact on the student publication, marking a period of transition for the newspaper as it continues to cover crucial university stories and internal changes.",,,"[{Timestamp('2026-04-29 00:00:00+0000', tz='UTC'): 'Inside the unfinished liberal arts building, faculty struggle amid Tulane’s ‘endless’ renovation • The Tulane Hullabaloo'}, {Timestamp('2026-04-29 00:00:00+0000', tz='UTC'): 'Seniors say goodbye: The students who left a lasting impact on The Hullabaloo • The Tulane Hullabaloo'}, {Timestamp('2026-04-29 00:00:00+0000', tz='UTC'): '‘Intellectual amputation’: Tulane professors call out university for academic freedom concerns • The Tulane Hullabaloo'}]",gemini,4.0,5.0,5.0,No Risk
1184.0,"Federal Student Loan Repayment and Graduate Loan Limit Changes, and Legal Challenges","The Trump administration implemented a major overhaul of federal student loans, notably introducing new, restrictive limits on graduate and professional student loans, impacting fields like nursing and physician assistants. These caps triggered extensive legal challenges, with 25 states and DC suing the Education Department. Judges subsequently blocked key aspects of these changes, eventually leading to higher loan limits for nursing and other programs. Simultaneously, the student loan repayment system saw significant changes, effective July 1, necessitating borrower action to avoid more expensive plans. While interest rates also saw some adjustments, the dominant narrative covers the contentious loan limits and the comprehensive, often challenged, repayment system transformation.",,,"[{Timestamp('2026-04-30 00:00:00+0000', tz='UTC'): 'ED Rejects Call to Expand Access to Higher Graduate Loan Caps'}, {Timestamp('2026-05-01 00:00:00+0000', tz='UTC'): 'Education Department’s Final Rule on Financial Aid Locks in Restrictive Graduate Loan Limits'}, {Timestamp('2026-05-08 19:17:37+0000', tz='UTC'): 'Big changes arrive July 1 for student borrowers, including in loan repayments'}, {Timestamp('2026-05-19 00:00:00+0000', tz='UTC'): '25 States Sue ED Over Grad Student Loan Limits'}, {Timestamp('2026-05-19 19:36:27+0000', tz='UTC'): 'New student loan limits challenged by Democratic attorneys general, governors in lawsuit'}, {Timestamp('2026-05-19 19:51:38+0000', tz='UTC'): ""Democratic-led states challenge the Trump administration's new caps on federal student loans""}, {Timestamp('2026-05-19 20:31:23+0000', tz='UTC'): ""Trump's plan to limit student loans for borrowers — including nurses — is illegal, 25 states say in a fresh lawsuit""}, {Timestamp('2026-05-19 22:44:13+0000', tz='UTC'): '25 states and DC sue Education Department over loan limits, citing health system strain'}, {Timestamp('2026-05-20 00:39:23+0000', tz='UTC'): '25 States Sue Over Changes Limiting Federal Loans for Nursing Degrees'}, {Timestamp('2026-05-25 09:00:55+0000', tz='UTC'): 'Student Loan Repayments Are Being Overhauled. What Borrowers Should Know.'}, {Timestamp('2026-06-01 09:00:03+0000', tz='UTC'): ""Trump's major student-loan changes for millions of borrowers are a month away""}, {Timestamp('2026-06-02 20:49:11+0000', tz='UTC'): 'Trump wants to make a complicated process for millions of student-loan borrowers easier'}, {Timestamp('2026-06-08 09:02:01+0000', tz='UTC'): 'Trump faces renewed push to cancel student debt for eligible borrowers and stop the transfer of accounts to the Treasury'}, {Timestamp('2026-06-11 09:15:01+0000', tz='UTC'): '7 million student-loan borrowers will soon need to take action — or be put on the most expensive repayment plan'}, {Timestamp('2026-06-16 11:00:06+0000', tz='UTC'): 'US student debt repayment system is being overhauled – here’s what to know'}, {Timestamp('2026-06-18 20:34:55+0000', tz='UTC'): 'Education Department cuts student loan interest rate'}, {Timestamp('2026-06-18 20:59:01+0000', tz='UTC'): 'Education Department Lowers Student Loan Interest Rates for Two Years'}, {Timestamp('2026-06-19 16:25:21+0000', tz='UTC'): 'US Education Dept. offers 2-year trim on student loan interest rates'}, {Timestamp('2026-06-22 03:38:39+0000', tz='UTC'): 'Rates on New Student Loans Will Rise on July 1'}, {Timestamp('2026-06-24 14:07:23+0000', tz='UTC'): ""New student loan limits are here. Here's what to do when federal aid isn't enough.""}, {Timestamp('2026-06-24 16:55:18+0000', tz='UTC'): 'What happens if you consolidate federal student loans after July 1?'}, {Timestamp('2026-06-25 11:00:13+0000', tz='UTC'): 'Would-be physician assistants deterred by strict caps on US student loans'}, {Timestamp('2026-06-25 15:10:08+0000', tz='UTC'): ""Judge blocks key part of Trump's student-loan repayment overhaul with days to go""}, {Timestamp('2026-06-25 20:48:02+0000', tz='UTC'): 'Judge blocks new professional student loan restrictions'}, {Timestamp('2026-06-26 06:14:37+0000', tz='UTC'): 'Judge blocks Trump plan that would limit graduate student loans in nursing and other fields'}, {Timestamp('2026-06-28 16:02:41+0000', tz='UTC'): 'Trump’s ‘big, beautiful bill’ is bringing a big set of student loan changes'}, {Timestamp('2026-06-29 17:59:26+0000', tz='UTC'): ""Trump's student-loan overhaul takes effect July 1 — but it's not the deadline for borrowers to act on repayment changes""}, {Timestamp('2026-06-30 01:59:35+0000', tz='UTC'): ""Nursing gains 'professional' label for student loans after judge's ruling""}, {Timestamp('2026-06-30 08:30:00+0000', tz='UTC'): 'Opinion: Short-sighted new student loan caps elevate chiropractic care over critical health care professions'}, {Timestamp('2026-06-30 09:02:41+0000', tz='UTC'): 'July to start with most student loan changes in decades. What to know'}, {Timestamp('2026-06-30 16:09:54+0000', tz='UTC'): ""Nursing and dozens of other programs are officially added to Trump's higher student-loan limits""}, {Timestamp('2026-06-30 18:10:46+0000', tz='UTC'): 'Nursing Students and Others Get Higher Student Loan Limits'}]",gemini,3.575,5.0,1.0625,Enrollment Pressure
1185.0,McMahon's Legislative Tensions,"McMahon has recently experienced a contentious period involving legislative bodies, demonstrating a challenging dynamic with Congress. A scheduled meeting with a Senate Committee was notably canceled due to a live-stream threat, indicating potential security concerns or a desire to control the public narrative around proceedings. This incident points to a charged atmosphere surrounding McMahon’s engagements. Concurrently, McMahon faced a more direct confrontation, engaging in a ""tussle"" with House Democrats during a separate, recent hearing. These events collectively paint a picture of ongoing friction, where McMahon is either avoiding or clashing with lawmakers amid intense scrutiny.",,,"[{Timestamp('2026-04-30 00:00:00+0000', tz='UTC'): 'McMahon Meeting With Senate Committee Canceled After Live-Stream Threat'}, {Timestamp('2026-05-15 07:00:00+0000', tz='UTC'): 'McMahon Tussles With House Democrats at Latest Hearing'}]",gemini,3.9,5.0,2.5,Policy or Political Interference
1192.0,FEMA's Shifting Role in Disaster Response,"During Trump's administration, FEMA faced significant proposed operational changes and scrutiny. A Trump-appointed panel urged states to take a primary lead in disaster recovery and recommended the agency respond to fewer incidents, prompting widespread questions about the future of federal disaster response. While FEMA's acting and interim leaders provided assurances about readiness for challenges like hurricane season, especially amidst local concerns over response effectiveness, the actual dispersal of disaster aid was noted to be slow in Trump’s second term, highlighting a tension between federal shifts and practical realities.",,,"[{Timestamp('2026-05-02 15:46:00+0000', tz='UTC'): 'FEMA Disaster Aid is Flowing Slowly In Trump’s Second Term'}, {Timestamp('2026-05-07 21:09:10+0000', tz='UTC'): 'Trump Panel Recommends FEMA Respond to Fewer Disasters'}, {Timestamp('2026-05-07 21:46:29+0000', tz='UTC'): 'Trump-appointed FEMA panel urges states should take the lead in disaster recovery'}, {Timestamp('2026-05-07 22:35:20+0000', tz='UTC'): 'Proposed FEMA changes raise questions about the future of disaster response'}, {Timestamp('2026-05-28 19:27:44+0000', tz='UTC'): ""FEMA acting head: 'We're ready for hurricane season'""}, {Timestamp('2026-06-10 21:03:03+0000', tz='UTC'): 'FEMA’s interim leader gives assurances, despite local concerns over disaster response'}]",gemini,1.4833333333333334,4.833333333333333,1.6666666666666667,No Risk
1197.0,Smith College Faces Federal Investigation for Transgender Admissions,"Smith College is currently facing a federal investigation, specifically initiated by the Trump Administration, concerning its policies on admitting trans women and trans students. The inquiry scrutinizes the college's practices regarding gender identity in admissions. This federal oversight into the institution's enrollment criteria centers on the legality and implications of admitting transgender individuals. The situation highlights a direct conflict between an educational institution's inclusive admissions approach and governmental scrutiny. Smith College now finds itself under intense review for its stance on diversity, particularly its welcoming of trans students, amidst broader national debates on these matters.",,,"[{Timestamp('2026-05-04 00:00:00+0000', tz='UTC'): 'Smith College Faces Federal Investigation for Admitting Trans Women'}, {Timestamp('2026-05-06 20:36:24+0000', tz='UTC'): 'Trump Administration Investigates Smith College for Admitting Trans Students'}]",gemini,3.95,5.0,1.0,Policy or Political Interference
1204.0,Cornell President's Car Bumps Students Amid Gaza Confrontation,"An incident at Cornell University involved the President's car bumping into students following a heated confrontation specifically concerning Gaza-related issues. This serious event has immediately triggered an official investigation by Cornell into the circumstances surrounding the interaction between the students and their president. Compounding the situation, Cornell has subsequently released a statement criticizing the students involved in the confrontation, even as the incident centrally involves their President's vehicle making contact. The university is now navigating the fallout, balancing an internal inquiry with its public stance, highlighting the complex nature of the encounter and the ensuing institutional response.",,,"[{Timestamp('2026-05-04 23:00:12+0000', tz='UTC'): 'Car Driven by Cornell’s President Bumps Into Students After Confrontation Over Gaza'}, {Timestamp('2026-05-08 16:00:08+0000', tz='UTC'): 'Cornell Is Investigating Confrontation Between President and Students'}, {Timestamp('2026-05-15 20:43:20+0000', tz='UTC'): 'Cornell Criticizes Students After Its President Bumps Them With His Car'}]",gemini,1.0,5.0,1.0,No Risk
1211.0,Dual Enrollment: Policy and Student Support Gaps,"Dual enrollment programs face two critical challenges: a widespread lack of state policies ensuring quality, and insufficient support for students. The absence of coherent oversight often leads to inconsistent program standards and varied experiences. Consequently, dual-enrollment students urgently need more robust academic, guidance, and transitional assistance to navigate college-level demands while in high school. To fully harness dual enrollment's potential, states must establish clear quality policies and bolster comprehensive support services to ensure equitable student success.",,,"[{Timestamp('2026-05-05 00:00:00+0000', tz='UTC'): 'States Lack Policies on Dual Enrollment Quality'}, {Timestamp('2026-05-20 07:00:00+0000', tz='UTC'): 'Dual-Enrollment Students Need More Support'}]",gemini,1.0,5.0,1.0,No Risk
1221.0,"FDA: Policy Shifts, Regulatory Challenges, and Future Initiatives","The FDA is at a critical juncture, grappling with internal turmoil described as ""dark times"" and ""destruction,"" prompting restructuring discussions. Despite this, the agency remains central to gene therapy, AI medical device regulation, and drug approvals, like AstraZeneca's hypertension drug. It's also launching new initiatives, such as a pilot for speeding early clinical trials, and advising on emerging areas like peptides. Externally, the FDA contends with efforts to blunt pharma reforms, drug company pressure on its voucher program, and global concerns, including China competition and probes into Chinese trial sites, all profoundly shaping its future.",,,"[{Timestamp('2026-05-06 08:30:00+0000', tz='UTC'): 'STAT+: Even at a meeting in Rome, FDA shifts are top of mind for gene therapy field'}, {Timestamp('2026-05-07 08:30:00+0000', tz='UTC'): 'STAT+: What was lost at the FDA'}, {Timestamp('2026-05-13 13:13:54+0000', tz='UTC'): 'STAT+: AI medical devices’ dirty FDA secret'}, {Timestamp('2026-05-18 17:05:01+0000', tz='UTC'): 'STAT+: AstraZeneca picks up FDA approval for hypertension drug'}, {Timestamp('2026-05-21 08:30:00+0000', tz='UTC'): 'Opinion: STAT+: Dark times ahead at the FDA'}, {Timestamp('2026-05-22 08:30:00+0000', tz='UTC'): 'STAT+: Genentech is soliciting research that can be used to blunt pharma reforms in Washington'}, {Timestamp('2026-05-30 15:48:20+0000', tz='UTC'): 'STAT+: China competition, ‘destruction’ at FDA give agency chance to restructure, Rick Pazdur says'}, {Timestamp('2026-06-04 20:53:33+0000', tz='UTC'): 'STAT+: Drug companies, patient groups urge FDA to pause commissioner’s voucher program'}, {Timestamp('2026-06-22 15:48:44+0000', tz='UTC'): 'STAT+: FDA to launch pilot program to speed up early-stage clinical trials'}, {Timestamp('2026-06-29 16:51:35+0000', tz='UTC'): 'STAT+: Longevity, wellness physicians named to panel advising FDA on peptides'}, {Timestamp('2026-06-30 13:31:20+0000', tz='UTC'): 'STAT+: Pharmalittle: We’re reading about Chinese trial sites being probed, RFK Jr. and peptides, and more'}]",gemini,1.0,3.1818181818181817,1.0,No Risk
1224.0,FDA Blocks Studies Showing COVID and Shingles Vaccine Safety,"According to recent reports, the FDA has directly intervened to stop the publication of scientific studies that affirmed the safety of COVID and shingles vaccines. These accounts detail how the agency actively blocked research demonstrating the safety of both vaccine types. The FDA's actions effectively prevented the dissemination of findings that showed these vaccines were safe for use. This move raises concerns regarding transparency and the availability of crucial public health data, as the agency actively impeded the release of information affirming the safety profiles of COVID and shingles vaccines to the public and scientific community.",,,"[{Timestamp('2026-05-06 16:11:10+0000', tz='UTC'): 'FDA stopped publication of studies showing COVID, shingles vaccines were safe'}, {Timestamp('2026-05-06 18:34:52+0000', tz='UTC'): 'FDA Blocks Studies Showing Safety of COVID, Shingles Vaccines'}]",gemini,2.5,5.0,1.0,Infectious Disease Outbreak
1225.0,US Government AI Adoption and Oversight,"The potential for White House review of AI models, akin to the FDA’s drug approval process, signals a burgeoning focus on regulating this rapidly evolving technology. This development comes as AI applications are already being expanded across critical sectors, notably within healthcare. For instance, the Trump administration significantly increased its use of artificial intelligence to combat healthcare fraud, demonstrating AI's powerful capabilities in analysis and detection. The discussion around potential regulatory oversight suggests a future where AI’s widespread deployment, while beneficial, will likely be subject to rigorous scrutiny to ensure safety, efficacy, and ethical standards, mirroring the careful approach taken with pharmaceuticals.",,,"[{Timestamp('2026-05-06 17:38:13+0000', tz='UTC'): 'Hassett: White House may review AI models ‘like an FDA drug’'}, {Timestamp('2026-05-22 06:42:53+0000', tz='UTC'): 'The Trump administration expands its use of AI in the hunt for healthcare fraud'}]",gemini,2.35,5.0,1.0,Artificial Intelligence Ethics & Governance
1227.0,Justice Department Alleges Racial Discrimination in Medical School Admissions,"The Justice Department (DOJ) has extensively investigated and accused multiple institutions, specifically UCLA and Yale medical schools, of illegally using race in their admissions processes. Both schools faced accusations of bias and discrimination against White and Asian applicants, with Yale reportedly violating a race-based admissions ban. Broadening its scope, the DOJ has also opened new investigations into a total of 15 medical schools, alleging widespread race-based admissions practices. Amidst this scrutiny, Yale is notably seeking a deal with the Trump Administration concerning the ongoing inquiry into its admissions policies regarding race.",,,"[{Timestamp('2026-05-06 20:34:06+0000', tz='UTC'): 'Justice Dept. finds UCLA medical school illegally used race in admissions'}, {Timestamp('2026-05-06 21:27:52+0000', tz='UTC'): 'Justice Dept. Accuses U.C.L.A. Medical School of Bias Against White and Asian Applicants'}, {Timestamp('2026-05-14 19:59:57+0000', tz='UTC'): 'DOJ Says Yale Medical School Violated Race-Based Admissions Ban'}, {Timestamp('2026-05-14 21:02:07+0000', tz='UTC'): ""DOJ says Yale's medical school discriminated based on race in admissions""}, {Timestamp('2026-05-14 23:05:35+0000', tz='UTC'): 'Justice Dept. Accuses Yale Medical School of Discriminating Against White and Asian Applicants'}, {Timestamp('2026-05-14 23:11:06+0000', tz='UTC'): 'US justice department accuses Yale medical school of illegally using race in admissions'}, {Timestamp('2026-05-15 08:30:00+0000', tz='UTC'): 'DOJ accuses Yale and UCLA medical schools of discriminating against white and Asian applicants'}, {Timestamp('2026-05-15 12:02:28+0000', tz='UTC'): 'Justice Department accuses Yale medical school of illegally using race in admissions'}, {Timestamp('2026-06-04 21:19:49+0000', tz='UTC'): 'DoJ investigates 15 medical schools over alleged discrimination in admissions'}, {Timestamp('2026-06-04 21:21:39+0000', tz='UTC'): 'DOJ opens 15 new investigations into medical schools’ admissions'}, {Timestamp('2026-06-08 07:00:00+0000', tz='UTC'): 'DOJ Investigates 15 More Med Schools, Alleging Race-Based Admissions'}, {Timestamp('2026-06-26 18:46:20+0000', tz='UTC'): 'Yale Seeks Trump Administration Deal in Inquiry Over Race and Admissions'}]",gemini,2.9333333333333336,4.583333333333333,1.0,Policy or Political Interference
1228.0,"Rutgers Disinvites Speaker Over Israel Stance, Sparking Controversy","Rutgers University generated considerable controversy by disinviting its chosen engineering graduation speaker. The decision was directly linked to the speaker's public criticism of Israel, or what some characterized as Palestine advocacy. This move swiftly triggered widespread external criticism directed at the university. Furthermore, the action caused significant internal division, with Rutgers faculty expressing a notable split over the administration's decision to cancel the commencement speaker. The incident underscores the challenging intersection of academic platform decisions, freedom of expression, and sensitive geopolitical topics, leaving the university grappling with both public scrutiny and internal discord concerning its handling of the matter.",,,"[{Timestamp('2026-05-07 00:00:00+0000', tz='UTC'): 'Rutgers Disinvites Engineering Graduation Speaker After He Criticizes Israel'}, {Timestamp('2026-05-07 17:08:59+0000', tz='UTC'): 'Rutgers Criticized for Canceling Commencement Speaker Over Palestine Advocacy'}, {Timestamp('2026-05-13 00:00:00+0000', tz='UTC'): 'Rutgers Faculty Split Over Decision to Disinvite Commencement Speaker'}]",gemini,1.6833333333333333,3.6666666666666665,1.0,No Risk
1230.0,"THINK: The user wants one concise canonical title summarizing the main topic. I need to find the common theme in ""Professor's firing -> fight for academic freedom"" and ""Yale faculty -> decreased academic freedom, fear dismissal/arrest."" Both revolve around academic freedom, its challenges, and threats.

Academic Freedom Under Threat","A professor's dismissal has ignited a nationwide battle for academic freedom, highlighting a critical issue within higher education. Faculty at institutions like Yale are reporting a significant decline in academic freedom, fostering an atmosphere where fear is palpable. Many academics now worry about potential dismissal for expressing certain viewpoints, with some even facing the chilling prospect of arrest. This collective anxiety points to a deepening crisis where the foundational principles of open inquiry and intellectual independence are perceived to be eroding, threatening the core mission of universities and sparking widespread calls for a robust defense of scholarly liberty.",,,"[{Timestamp('2026-05-07 00:00:00+0000', tz='UTC'): 'How a Professor Turned His Firing Into a Nationwide Fight for Academic Freedom'}, {Timestamp('2026-05-26 07:00:00+0000', tz='UTC'): 'Yale Faculty Say Academic Freedom Has Decreased. Some Fear Dismissal or Arrest.'}]",gemini,2.45,5.0,1.5,No Risk
1237.0,Hantavirus Exposure on Cruise Ship Sparks Debate Over CDC Response and U.S. Preparedness,"An unfolding hantavirus outbreak on a cruise ship led to the exposure and evacuation of Americans, with multiple states preparing to receive them. While the CDC classified the incident at its lowest emergency activation level and stated public risk was 'very low,' experts widely questioned the agency's visibility and the sufficiency of its response, asking 'Where is the CDC?' Critics linked these concerns to cuts made during the Trump administration, arguing they compromised U.S. preparedness and complicated federal messaging. Despite the CDC citing its 'playbook,' debates persisted over its effectiveness, with COVID's lingering impact also influencing the world's response to the situation.",,,"[{Timestamp('2026-05-07 16:17:08+0000', tz='UTC'): 'Hantavirus Response Shows How Trump Cuts Have Compromised U.S. Preparedness'}, {Timestamp('2026-05-08 14:00:19+0000', tz='UTC'): 'CDC hantavirus outbreak classification lowest emergency activation level: Report'}, {Timestamp('2026-05-08 23:47:02+0000', tz='UTC'): '7 states prepare to receive Americans possibly exposed to hantavirus'}, {Timestamp('2026-05-09 00:45:00+0000', tz='UTC'): 'CDC spells out next steps after Americans exposed to hantavirus on cruise ship'}, {Timestamp('2026-05-09 17:33:38+0000', tz='UTC'): ""Experts Wonder 'Where Is The CDC?' As A Hantavirus Outbreak Unfolds On A Cruise Ship""}, {Timestamp('2026-05-09 18:28:39+0000', tz='UTC'): 'Experts wonder ‘Where is the CDC?’ as hantavirus outbreak unfolds'}, {Timestamp('2026-05-09 18:41:56+0000', tz='UTC'): ""Experts wonder 'Where is the CDC?' as a hantavirus outbreak unfolds on a cruise ship""}, {Timestamp('2026-05-09 18:50:50+0000', tz='UTC'): 'Americans to be evacuated from Hantavirus cruise ship as global health chief travels to quarantine island'}, {Timestamp('2026-05-10 05:01:11+0000', tz='UTC'): 'Americans evacuated from hantavirus-stricken cruise ship en route to the U.S.'}, {Timestamp('2026-05-11 17:17:25+0000', tz='UTC'): ""US passengers from ship quarantined as officials say public risk 'very low'""}, {Timestamp('2026-05-12 11:00:19+0000', tz='UTC'): ""Experts Stress Trump's CDC Is 'Not Sufficiently Responding' To Hantavirus. Here's What Info You Can Actually Trust.""}, {Timestamp('2026-05-13 15:16:09+0000', tz='UTC'): 'Oz Says Don’t Worry About Hantavirus — RFK Jr. Is “Involved” in Response'}, {Timestamp('2026-05-13 21:12:10+0000', tz='UTC'): 'Hantavirus risk remains low, CDC says, citing its ‘playbook’ response'}, {Timestamp('2026-05-14 15:32:50+0000', tz='UTC'): ""COVID's impact lingers, influencing world's response to hantavirus""}, {Timestamp('2026-05-16 21:00:00+0000', tz='UTC'): ""Trump's health cuts complicate federal messaging on hantavirus""}]",gemini,3.14,5.0,1.0666666666666667,Infectious Disease Outbreak
1248.0,Canvas Cyberattack Disrupts College Final Exams,"A widespread cyberattack on Canvas has caused significant disruption, affecting thousands of schools and throwing colleges' final exam season into chaos. The outage forced numerous universities to suspend exams, wreaking havoc on students and institutions alike. While information about the hack continues to emerge, the incident has exposed major vulnerabilities. Despite the severe problems and the desire for a quick fix, colleges face a critical dilemma: their deep integration with Canvas means they cannot simply abandon the platform, highlighting a complex dependency that complicates recovery and future planning in the wake of the cyberattack.",,,"[{Timestamp('2026-05-08 00:00:00+0000', tz='UTC'): 'Universities Suspend Final Exams After Canvas Hack'}, {Timestamp('2026-05-08 17:47:00+0000', tz='UTC'): 'What we know about the Canvas hack impacting thousands of schools'}, {Timestamp('2026-05-09 06:37:42+0000', tz='UTC'): ""A Canvas outage tied to a cyberattack has wreaked havoc on colleges' final exam season""}, {Timestamp('2026-05-18 00:00:00+0000', tz='UTC'): 'No, Colleges Can’t Just Quit Canvas'}]",gemini,3.9375,2.75,1.0,Vendor Cyber Exposure
1249.0,Judge Rules DOGE's Humanities Grant Cancellation Unconstitutional,"A federal judge has consistently ruled the termination of humanities grants, executed under the ""DOGE"" initiative and attributed to the Trump administration, unconstitutional. These judicial decisions found the cancellation illegal, with one scathing ruling particularly condemning the ""blatant"" and illegal use of DEI (Diversity, Equity, and Inclusion) terms as a pretext to cut the funding. The combined message from these various judgments underscores the unlawful nature of the administration's attack on humanities funding, thereby overturning the controversial efforts to cease support for these crucial academic programs.",,,"[{Timestamp('2026-05-08 01:18:20+0000', tz='UTC'): 'DOGE’s Termination of Humanities Grants Is Ruled Unconstitutional'}, {Timestamp('2026-05-08 06:35:27+0000', tz='UTC'): ""Judge rules Trump administration's cancellation of humanities grants was unconstitutional""}, {Timestamp('2026-05-08 13:50:15+0000', tz='UTC'): 'Judge Says DOGE Attack On Humanities Funding Was Unconstitutional In Scathing Ruling'}, {Timestamp('2026-05-08 17:06:36+0000', tz='UTC'): ""Judge finds Trump's DOGE-led cancellation of humanities grants unconstitutional""}, {Timestamp('2026-05-11 15:40:01+0000', tz='UTC'): 'Fed Judge Rules DOGE Illegally and “Blatantly” Used DEI Terms to Cut Grants'}]",gemini,3.8200000000000003,5.0,1.0,Policy or Political Interference
1259.0,El Niño's Official Onset and Forecasted Global Impacts,"El Niño has officially arrived and is widely anticipated to be a significant, potentially record-breaking event, with some sources labeling it a ""doozy"" or ""super El Niño"" that threatens widespread weather extremes and disaster globally. While NOAA forecasts indicate a milder Atlantic hurricane season thanks to its influence, scientists warn of severe implications necessitating understanding what its presence means. Concerns extend to public health, with analyses projecting its reach into future years, specifically in the Americas. The situation has also drawn political scrutiny regarding preparedness and response, underscoring the broad societal and environmental challenges posed by this powerful climate phenomenon.",,,"[{Timestamp('2026-05-08 20:42:05+0000', tz='UTC'): 'What to know about the predictions for a potentially record-breaking El Nino'}, {Timestamp('2026-05-21 20:26:46+0000', tz='UTC'): 'WATCH: NOAA forecasts milder Atlantic hurricane season thanks to El Nino'}, {Timestamp('2026-05-22 03:27:23+0000', tz='UTC'): 'Atlantic hurricane season forecast to be milder than normal thanks to El Nino'}, {Timestamp('2026-06-11 13:26:24+0000', tz='UTC'): 'El Niño under way and threatens weather extremes, scientists say'}, {Timestamp('2026-06-11 21:36:09+0000', tz='UTC'): 'El Niño is officially here, and this one could be a doozy'}, {Timestamp('2026-06-12 07:59:19+0000', tz='UTC'): 'NOAA Issues El Nino Advisory'}, {Timestamp('2026-06-17 10:46:00+0000', tz='UTC'): 'El Niño is here, so what does it mean?'}, {Timestamp('2026-06-23 12:00:27+0000', tz='UTC'): 'A super El Niño threatens disaster. Trump is handling it recklessly | Terry Garcia'}, {Timestamp('2026-06-30 06:11:32+0000', tz='UTC'): 'World: Public Health Situation Analysis: El Niño in the Americas, 2026-2027'}]",gemini,1.4444444444444444,2.2222222222222223,1.2222222222222223,No Risk
1280.0,JD Vance's Anti-Fraud Efforts Lead to State Medicaid Funding Suspensions,"JD Vance, often alongside Oz, is leading a significant White House effort to combat Medicaid and Medicare fraud, specifically targeting Democratic-run states. Officials have announced numerous moves, including the suspension or deferment of $1.3 billion in Medicaid payments to California due to suspicions of fraud. Vance has publicly threatened to cut health funding to states that fail to comply with these anti-fraud initiatives. This push also extends to actions like the Trump administration's previous decision to cut funding to Hawaii's Medicaid fraud unit, highlighting a broader strategy to exert pressure and recover funds from states deemed non-compliant.",,,"[{Timestamp('2026-05-13 19:05:51+0000', tz='UTC'): 'WATCH: Vance and Oz announce numerous moves on Medicaid and Medicare fraud, focusing on Democratic-run states'}, {Timestamp('2026-05-13 19:42:48+0000', tz='UTC'): 'Officials say $1.3 billion in Medicaid money to California will be deferred over suspicions of fraud'}, {Timestamp('2026-05-13 19:55:02+0000', tz='UTC'): 'Vance announces suspension of $1.3 billion in Medicaid payments to California'}, {Timestamp('2026-05-13 21:20:28+0000', tz='UTC'): 'JD Vance threatens health funding to states that don’t comply with White House anti-fraud effort'}, {Timestamp('2026-06-04 17:46:36+0000', tz='UTC'): ""Trump cuts funding to Hawaii's Medicaid fraud unit""}]",gemini,1.0,4.0,1.2,No Risk
1284.0,Colleges' Evolving Approach to Student Success and Well-being,"Colleges are fundamentally redefining what constitutes student success, moving beyond traditional academic metrics to embrace a more holistic and comprehensive view. This significant shift involves a critical examination of whether institutions can genuinely cultivate and sustain student well-being effectively. There's a growing recognition that true success encompasses not only academic achievement and career readiness but also mental and emotional health, resilience, and a sense of belonging. As higher education rethinks its core mission, integrating robust well-being initiatives becomes central to ensuring students not only thrive academically but also develop into well-rounded individuals prepared for life's challenges beyond the campus gates.",,,"[{Timestamp('2026-05-14 07:00:00+0000', tz='UTC'): 'How Colleges Are Rethinking Student Success'}, {Timestamp('2026-06-04 00:00:00+0000', tz='UTC'): 'Can Colleges Actually Build Student Well-Being?'}]",gemini,3.9,3.5,1.0,Infectious Disease Outbreak
1288.0,UCLA's Fight Against Antisemitism,"UCLA is actively grappling with antisemitism on its campus, leading the university to consider and develop new tactics to combat the issue. This internal strategic review unfolds amidst significant external pressure, particularly from the Trump Administration. The administration has taken repeated legal action, suing UCLA again specifically over its handling of antisemitism. This ongoing litigation highlights a persistent and contentious situation, suggesting a fundamental disagreement or perceived insufficiency in UCLA's current or proposed measures against antisemitism. The university's efforts to innovate its approach are thus framed by the continued scrutiny and legal challenges posed by the federal government.",,,"[{Timestamp('2026-05-14 12:30:05+0000', tz='UTC'): 'U.C.L.A. Considers New Tactics to Combat Antisemitism'}, {Timestamp('2026-05-26 23:09:13+0000', tz='UTC'): 'Trump Administration Sues U.C.L.A. Again Over Antisemitism'}]",gemini,1.0,5.0,1.0,No Risk
1289.0,Income-Based Free Tuition at Universities,"Prominent universities are making higher education more accessible by offering free tuition based on family income. The University of Chicago now covers full tuition for families earning under $250,000 annually, while Swarthmore College pledges free tuition for students with family incomes below $200,000. These initiatives reflect a growing trend among elite institutions to remove financial barriers. By establishing clear income thresholds, universities aim to ensure a top-tier education is accessible for a broader range of students, emphasizing equity and opportunity. This move seeks to alleviate the economic burden on families, enabling more diverse talent to pursue higher education without financial constraints.",,,"[{Timestamp('2026-05-14 15:23:54+0000', tz='UTC'): 'University of Chicago Makes Tuition Free for Families Making Under $250,000'}, {Timestamp('2026-05-27 07:00:00+0000', tz='UTC'): 'Swarthmore Promises Free Tuition for Students With Family Incomes Under $200K'}]",gemini,2.3,5.0,1.0,Enrollment Pressure
1302.0,Ongoing Global Pandemic Unpreparedness,"Experts are raising significant alarms, underscoring a critical lack of pandemic preparedness globally and within the United States, even after the profound disruptions of Covid-19. Despite the recent devastating experience, the US is reportedly lagging in its readiness, a sentiment mirrored by global experts who warn the world remains unprepared. This deficiency is particularly concerning as the world finds itself at a ""crucial moment"" for establishing robust health defenses. Professionals consistently highlight that lessons from the last pandemic have not translated into sufficient, actionable strategies, leaving nations and the international community vulnerable to future health crises.",,,"[{Timestamp('2026-05-17 11:00:37+0000', tz='UTC'): '‘We’re not ready’: US lags on pandemic preparedness after Covid, experts say'}, {Timestamp('2026-05-19 04:00:00+0000', tz='UTC'): ""At 'crucial' moment for pandemic preparedness, experts say world isn't ready""}]",gemini,3.9,5.0,1.5,Infectious Disease Outbreak
1304.0,Accreditation Overhaul,"Educational institutions are actively preparing for significant changes in accreditation. New regulations are emerging as Trump’s proposed overhaul advances, prompting colleges and universities nationwide to adapt their internal processes and standards. This period represents a crucial adjustment, requiring institutions to diligently understand and implement the comprehensive requirements. Ensuring compliance and maintaining accredited status under this evolving framework is paramount, making substantial preparation vital for navigating the updated rules effectively.",,,"[{Timestamp('2026-05-18 00:00:00+0000', tz='UTC'): 'Institutions Prepare for New Accreditation Regulations'}, {Timestamp('2026-05-22 07:00:00+0000', tz='UTC'): 'Trump’s Accreditation Overhaul Advances'}]",gemini,3.9,5.0,1.5,Policy or Political Interference
1306.0,"U.S. Response to Ebola Outbreak: Travel Restrictions, Aid Cuts, and Hindered Global Containment Efforts","A rapidly spreading Ebola outbreak in Congo and Uganda fueled global alarm, with experts fearing its historic scale. The U.S. response under the Trump administration emphasized strict travel bans, entry restrictions, and a ""fortress"" approach, even planning to send exposed Americans abroad. Simultaneously, significant cuts to USAID, CDC, WHO, and NIH were widely criticized. Experts blamed these reductions for hindering international detection and response, potentially causing preventable deaths and leaving the world vulnerable. While the CDC elevated its response prioritizing containment, the administration later sought $1.4B to combat the growing outbreak, reflecting a complex strategy amidst rising global health concerns.",,,"[{Timestamp('2026-05-18 11:28:20+0000', tz='UTC'): 'U.S. issues travel bans as Ebola outbreak fuels global alarm'}, {Timestamp('2026-05-18 14:34:46+0000', tz='UTC'): 'American tests positive for Ebola virus amid outbreak in Congo and Uganda: CDC'}, {Timestamp('2026-05-18 16:04:31+0000', tz='UTC'): 'U.S. bans entry from Ebola-affected countries as American patient is identified'}, {Timestamp('2026-05-18 20:20:22+0000', tz='UTC'): ""Ebola and hantavirus have African leaders talking 'health sovereignty' as donor support fades""}, {Timestamp('2026-05-18 20:41:24+0000', tz='UTC'): 'USAID Cuts Could Hinder Management of Ebola Outbreak in Congo and Uganda'}, {Timestamp('2026-05-19 16:31:37+0000', tz='UTC'): ""WHO head 'deeply concerned' over 'scale and speed' of Ebola spread, says emergency committee will meet""}, {Timestamp('2026-05-19 22:27:09+0000', tz='UTC'): 'Could Ebola spread to the US? WHO emergency sparks fears after American infected in Congo'}, {Timestamp('2026-05-19 22:39:31+0000', tz='UTC'): 'Trump’s cuts to foreign aid are undermining the Ebola response, insiders say'}, {Timestamp('2026-05-20 14:57:50+0000', tz='UTC'): 'Absence of USAID likely slowed Ebola detection and response, former officials say'}, {Timestamp('2026-05-20 20:43:46+0000', tz='UTC'): 'Ebola Containment Efforts May Have Been Hindered by USAID Shutdown and CDC Cuts'}, {Timestamp('2026-05-21 01:00:55+0000', tz='UTC'): 'U.S.-bound flight from Paris diverts to Montreal over Ebola restrictions'}, {Timestamp('2026-05-21 14:55:49+0000', tz='UTC'): ""Former CDC director on Ebola outbreak: 'I suspect this is going to become a very significant pandemic'""}, {Timestamp('2026-05-21 21:00:06+0000', tz='UTC'): 'Ebola Is a Terrible Disease. I Saw It Firsthand.'}, {Timestamp('2026-05-22 00:22:27+0000', tz='UTC'): 'Trump Officials’ Strict Stand on Ebola Leaves Health Experts ‘Stunned’'}, {Timestamp('2026-05-22 23:01:16+0000', tz='UTC'): 'U.S. to Block Entry to More Noncitizens Who May Have Been Exposed to Ebola'}, {Timestamp('2026-05-23 12:14:00+0000', tz='UTC'): 'Trump administration expands Ebola travel restrictions to green card holders'}, {Timestamp('2026-05-26 17:19:32+0000', tz='UTC'): 'Trump Admin Cuts to USAID, WHO, Likely Stalled Response to Ebola, Experts Warn'}, {Timestamp('2026-05-27 16:01:03+0000', tz='UTC'): 'New Ebola travel restrictions go into effect'}, {Timestamp('2026-05-27 18:00:41+0000', tz='UTC'): 'US building Ebola quarantine center in Kenya for Americans amid outbreak'}, {Timestamp('2026-05-27 19:02:07+0000', tz='UTC'): 'U.S. plans to send Americans exposed to Ebola to facility in Kenya'}, {Timestamp('2026-05-27 19:58:55+0000', tz='UTC'): 'Trump Administration Plans to Send Citizens With Ebola Exposure to Kenya'}, {Timestamp('2026-05-28 10:00:00+0000', tz='UTC'): 'Ebola spreads as concerns grow over US response'}, {Timestamp('2026-05-28 19:50:48+0000', tz='UTC'): 'STAT+: As Ebola outbreak in Central Africa grows, the U.S. turns itself into a fortress'}, {Timestamp('2026-05-28 19:53:08+0000', tz='UTC'): 'Americans who get Ebola will go to Europe for treatment, not U.S., officials say'}, {Timestamp('2026-05-29 07:51:05+0000', tz='UTC'): 'Kenya court suspends US plan for Ebola quarantine facility for Americans'}, {Timestamp('2026-05-29 12:47:04+0000', tz='UTC'): 'Which vaccines will curb the Ebola outbreak? WHO debates'}, {Timestamp('2026-05-29 22:02:25+0000', tz='UTC'): 'Tracking the Ebola outbreak: Where the deadly virus is spreading'}, {Timestamp('2026-05-30 06:00:00+0000', tz='UTC'): 'Ebola response puts Trump on collision course with global health body'}, {Timestamp('2026-05-30 10:00:00+0000', tz='UTC'): 'STAT+: As Ebola outbreak grows, Trump administration veers from previous government playbook'}, {Timestamp('2026-05-30 10:00:00+0000', tz='UTC'): 'Trump focuses on keeping Ebola out of US over fighting outbreak abroad'}, {Timestamp('2026-06-01 12:57:15+0000', tz='UTC'): 'CDC says containing the spread of Ebola is top priority'}, {Timestamp('2026-06-02 19:28:55+0000', tz='UTC'): 'Mayor cancels DR Congo friendly with Chile in Spain over Ebola concern'}, {Timestamp('2026-06-03 08:30:00+0000', tz='UTC'): 'STAT+: NIH cuts weakened network primed to respond to outbreaks like Ebola'}, {Timestamp('2026-06-04 14:53:41+0000', tz='UTC'): 'As Ebola Virus Spreads, We See the Terrifying Effects of Trump Dismantling USAID'}, {Timestamp('2026-06-04 15:00:04+0000', tz='UTC'): 'How Funding Cuts Left the World Vulnerable to Ebola'}, {Timestamp('2026-06-04 16:00:00+0000', tz='UTC'): ""USAID's closure led to 'entirely preventable' deaths, latest Ebola outbreak: House Dem report""}, {Timestamp('2026-06-09 09:03:45+0000', tz='UTC'): 'Why This Ebola Outbreak Could End Up Being the Worst One in History'}, {Timestamp('2026-06-10 01:41:20+0000', tz='UTC'): 'US urges Europe to step up travel measures to prevent spread of Ebola from Africa'}, {Timestamp('2026-06-15 11:42:49+0000', tz='UTC'): ""Health Experts Warn Ebola Risk At World Cup Is 'Extremely Low' But 'Low Isn't Zero'""}, {Timestamp('2026-06-25 16:34:29+0000', tz='UTC'): 'White House asks Congress for $1.4B to fight Ebola outbreak'}, {Timestamp('2026-06-26 19:16:22+0000', tz='UTC'): 'CDC elevates Ebola response to highest level'}]",gemini,2.348780487804878,4.2439024390243905,1.0,No Risk
1312.0,Congressional Push for College Sports Reform,"Congress is deeply involved in efforts to regulate college sports, signaling a pivotal moment for the industry, especially concerning Name, Image, and Likeness (NIL) and transfer rules. Key senators like Cruz and Cantwell are actively working to break legislative logjams with bipartisan bills, including the 'Protect College Sports Act,' as calls for reform intensify. While some legislation has been pulled from the House agenda, significant headway is being made in the Senate, with bills advancing through panels despite remaining obstacles. Senators are urging buy-in for their proposals, pushing to move this crucial legislation across the goal line to reshape college athletics.",,,"[{Timestamp('2026-05-18 21:29:00+0000', tz='UTC'): 'Bill revamping college athletics is again pulled from House agenda'}, {Timestamp('2026-05-27 16:14:19+0000', tz='UTC'): 'Key Sens. Cruz, Cantwell look to break college sports logjam in Congress with a bipartisan bill'}, {Timestamp('2026-05-27 17:12:27+0000', tz='UTC'): ""Senators unveil 'Protect College Sports Act' as calls for reform grow""}, {Timestamp('2026-06-03 07:00:00+0000', tz='UTC'): 'A Play-by-Play on Congress’s Efforts to Regulate College Sports'}, {Timestamp('2026-06-10 20:16:34+0000', tz='UTC'): '‘What’s the alternative?’: US senators urge buy-in on college sports bill'}, {Timestamp('2026-06-18 15:51:36+0000', tz='UTC'): 'Senate panel advances bipartisan college sports bill'}, {Timestamp('2026-06-21 16:19:34+0000', tz='UTC'): 'College sports sees pivotal moment as Senate looks to move legislation on NIL, transfers across goal line'}, {Timestamp('2026-06-26 19:25:24+0000', tz='UTC'): 'College sports bill making headway in US Senate but obstacles remain'}]",gemini,1.3625,2.5,1.625,No Risk
1317.0,NAACP Urges Southern College Sports Boycott Over Voting Rights,"The NAACP, in collaboration with the Congressional Black Caucus, has issued a significant call for Black student-athletes to boycott college sports programs in Southern schools. This urgent appeal stems from intense backlash against recent redistricting efforts and ongoing concerns regarding voting rights in the South. The organizations are leveraging the prominent platform of college athletics to protest policies perceived as undermining democratic principles and disenfranchising Black communities. By urging a boycott, the NAACP and CBC aim to exert pressure and advocate for fundamental civil rights, challenging what they view as discriminatory political maneuvers affecting the region's Black population.",,,"[{Timestamp('2026-05-19 16:59:55+0000', tz='UTC'): 'NAACP calls for Black student-athletes to boycott Southern schools amid redistricting backlash'}, {Timestamp('2026-05-19 22:05:32+0000', tz='UTC'): 'NAACP, Congressional Black Caucus urge college sports boycott in South over voting rights'}]",gemini,1.0,5.0,2.5,No Risk
1334.0,Senate Scrutinizes NIH Director's 2027 Budget,"A Senate committee recently conducted a rigorous session, extensively questioning the National Institutes of Health (NIH) director. The primary focus of this interrogation was the agency's proposed 2027 budget, which drew considerable scrutiny from lawmakers. Reports highlight that senators brought forward several ""burning questions,"" indicating critical concerns and urgent issues regarding future funding and strategic priorities. This intense line of questioning underscored Congress's significant oversight role in ensuring accountability and effective resource allocation for medical research and public health initiatives. The exchange reflected the committee's deep interest in the NIH's plans for the coming years.",,,"[{Timestamp('2026-05-21 14:00:40+0000', tz='UTC'): 'Senate committee questions NIH director on 2027 budget'}, {Timestamp('2026-05-21 21:06:46+0000', tz='UTC'): 'STAT+: 3 burning questions senators had for the NIH director'}]",gemini,2.45,5.0,1.0,Infectious Disease Outbreak
1335.0,Ed Orgeron's Return to LSU,"Ed Orgeron has officially signed a deal to commence his second stint at LSU, a move that has generated significant interest regarding the specifics of his return. Details surrounding this agreement are now emerging, providing insight into the terms of his renewed commitment to the Tigers. With Orgeron back in Baton Rouge, a primary focus immediately shifts to defining his new role within the university and the actions he intends to take. Expectations are high to understand precisely what his responsibilities will entail and the strategic direction he plans to implement for the program. Comprehensive information is anticipated, covering both the deal's particulars and his envisioned plans for LSU.",,,"[{Timestamp('2026-05-21 16:15:00+0000', tz='UTC'): 'Ed Orgeron has signed a deal to begin his second stint at LSU. Here are the details.'}, {Timestamp('2026-05-21 17:30:00+0000', tz='UTC'): 'Ed Orgeron is back at LSU, so what will he do in his new role? Here’s everything we know.'}]",gemini,1.0,5.0,3.5,No Risk
1336.0,Louisiana Education Funding and Cost Adjustments,"Louisiana's education sector is navigating a complex financial landscape, marked by both cuts and potential new revenue streams. State senators have notably reduced new funds allocated for school vouchers and overall education operating costs within the budget. Simultaneously, a significant bill is moving to the governor that, if signed, would grant Louisiana universities the authority to raise their tuition and fees by up to 10%. This dual development suggests a shifting approach to education funding, where state-level budget constraints impact certain programs while higher education institutions are poised to gain more financial autonomy, potentially increasing the burden on students, to manage their own operational needs.",,,"[{Timestamp('2026-05-21 16:25:00+0000', tz='UTC'): 'Louisiana senators cut new funds for school vouchers, education operating costs from budget'}, {Timestamp('2026-05-29 20:15:00+0000', tz='UTC'): 'Louisiana universities can raise tuition, fees by 10% under bill going to governor. Here’s how it will work.'}]",gemini,1.0,5.0,4.0,No Risk
1338.0,2 Florida College Students Suspended Over Racist Messages,"Recent events across Florida colleges have resulted in the suspension of multiple students due to racist communications. Two students from a Florida college were suspended specifically for their involvement in a racist group chat. Concurrently, Florida International University (FIU) also took disciplinary action, suspending two of its students over racist text messages. These separate but similar incidents underscore a pattern of students being held accountable by their respective institutions for disseminating offensive and discriminatory content through digital platforms. The universities' actions emphasize a firm stance against racist behavior within their academic communities, highlighting the consequences for such conduct in the state's higher education landscape.",,,"[{Timestamp('2026-05-21 17:30:46+0000', tz='UTC'): '2 Florida College Students Suspended Over Racist Group Chat'}, {Timestamp('2026-05-22 07:00:00+0000', tz='UTC'): 'FIU Suspends 2 Students Over Racist Texts'}]",gemini,1.0,5.0,1.0,No Risk
1364.0,Indiana University Settles Firing Over Charlie Kirk Post,"A woman who was terminated from her position at Indiana University is set to receive a significant legal settlement amounting to $225,000. Her dismissal stemmed from controversial issues related to a post concerning conservative commentator Charlie Kirk. This development concludes a legal dispute between the former employee and the university, with the institution agreeing to pay the substantial sum to resolve the matter. The settlement indicates a resolution to the conflict that arose from her employment and subsequent firing, underscoring the complexities often involved in such academic employment disputes. The payment finalizes the legal proceedings surrounding the incident, providing financial compensation for the woman.",,,"[{Timestamp('2026-05-26 17:54:12+0000', tz='UTC'): 'Woman fired by Indiana university over Charlie Kirk post to receive $225,000 legal settlement'}, {Timestamp('2026-05-26 19:01:07+0000', tz='UTC'): 'Woman fired by Indiana university over Charlie Kirk post to receive $225,000 settlement'}]",gemini,1.0,5.0,1.0,No Risk
1368.0,Lane Kiffin and the Changing Landscape of College Football,"Scott Rabalais delves into the intricate world of college athletics, consistently highlighting its significant challenges and the ongoing legislative efforts to address them. Lane Kiffin frequently emerges as a central figure, whose influence even inspires proposed rules, like the ‘Lane Kiffin Rule,’ designed to cure the sport’s various ‘ills.’ Rabalais examines how weighty SEC meetings often drive these policy debates, viewing federal legislation as a crucial, if imperfect, solution for college athletics. Throughout his reporting, even during coverage of NCAA baseball, there’s a persistent undercurrent of anticipation for the dominant football season.",,,"[{Timestamp('2026-05-26 23:00:00+0000', tz='UTC'): 'Scott Rabalais: Lane Kiffin garners major attention amid a weighty SEC spring meeting'}, {Timestamp('2026-05-27 23:55:00+0000', tz='UTC'): 'Scott Rabalais: ‘Lane Kiffin Rule’ part of sweeping act aimed at curing college sports’ ills'}, {Timestamp('2026-06-04 09:00:00+0000', tz='UTC'): 'Scott Rabalais: Federal legislation is the lesser of two evils facing college athletics'}, {Timestamp('2026-06-04 19:30:00+0000', tz='UTC'): 'Scott Rabalais: On NCAA baseball, Brendan Sorsby and killing time until football season'}]",gemini,1.0,2.5,3.25,No Risk
1371.0,Trump Administration's Increased Control Over Federal Grant Funding,"A prominent theme across the titles reveals the Trump administration's concerted efforts to exert political control over federal grant money. Proposals aim to overhaul the grantmaking process, allowing the administration to block grants not aligning with its agenda, and giving political appointees greater oversight over scientific research funding. One example cites the quiet redefinition of embryos in a grant program. Concurrently, the NIH is managing its own funding strategies, including a potentially risky approach of funding more grants upfront and considering proposals to cap the number of grants scientists receive. The agency also provides outreach calendars, indicating a period of significant change and potential politicization within research funding.",,,"[{Timestamp('2026-05-27 07:00:00+0000', tz='UTC'): 'NIH Is Funding More Grants Up Front, a Risk to Research and University Budgets'}, {Timestamp('2026-05-29 18:50:13+0000', tz='UTC'): 'STAT+: Trump administration seeks to overhaul federal grantmaking process, alarming researchers'}, {Timestamp('2026-06-02 15:27:10+0000', tz='UTC'): 'New Proposal Would Allow Administration to Block Grants if They Don’t Support Trump’s Agenda'}, {Timestamp('2026-06-04 22:40:29+0000', tz='UTC'): 'New proposal would give Trump officials more control over scientific research grants'}, {Timestamp('2026-06-10 13:40:23+0000', tz='UTC'): 'Plan Ahead with the NIH Grants and Funding Outreach Calendar'}, {Timestamp('2026-06-11 08:30:00+0000', tz='UTC'): 'STAT+: Scientists see promise in NIH proposal to cap number of grants they receive'}, {Timestamp('2026-06-13 23:36:33+0000', tz='UTC'): 'Trump Plan Would Give Political Appointees More Control Over Federal Grant Money'}, {Timestamp('2026-06-17 18:44:36+0000', tz='UTC'): 'Trump Administration Quietly Redefines Embryos As Children In Obscure Grant Program'}]",gemini,1.3625,1.875,1.125,No Risk
1375.0,Judge Blocks West Point Faculty Speech Restrictions,"A judge has recently intervened, blocking West Point from enforcing its controversial speech restrictions on faculty. This significant judicial action overturns the military academy's limitations on the free expression of its educators. Specifically, the ruling addresses and invalidates West Point's restrictions on civilian faculty speech, affirming their constitutional rights. The decision means the academy can no longer impose previously established rules that curtailed academic freedom. This development underscores a crucial legal challenge to institutional control over faculty discourse, ensuring a more open environment for speech within the prestigious military institution and setting an important precedent regarding faculty rights.",,,"[{Timestamp('2026-05-27 12:39:12+0000', tz='UTC'): 'Judge blocks West Point from enforcing faculty speech restrictions'}, {Timestamp('2026-05-28 07:00:00+0000', tz='UTC'): 'Judge Overturns West Point Restriction on Civilian Faculty Speech'}]",gemini,1.0,5.0,1.0,No Risk
1398.0,White House Reshapes U.S. Research Landscape,"The White House is significantly impacting the U.S. research enterprise, with a notable slowdown in funding for universities it has targeted. This financial constriction is not merely a temporary measure but part of a larger strategic redirection. A recent White House proposal signals a major, fundamental shift in how the nation's research enterprise will operate going forward. This suggests a more controlled or directed approach to allocating resources, potentially redefining the landscape for scientific inquiry and development across the country, particularly for those institutions facing reduced support and increased scrutiny from the administration.",,,"[{Timestamp('2026-05-29 22:40:14+0000', tz='UTC'): 'Research Funding Slows Again for Universities Targeted by White House'}, {Timestamp('2026-06-08 00:00:00+0000', tz='UTC'): 'White House Proposal Signals Major Shift for U.S. Research Enterprise'}]",gemini,3.9,5.0,1.0,Policy or Political Interference
1403.0,U.S.-China Biotech Tensions and the Impact of Restrictive Policies,"China's increasing prominence in drug development presents a significant challenge to the United States. In response, the U.S. is contemplating or implementing restrictions on investment in China's burgeoning biotech sector. However, this strategy faces considerable opposition, with prominent venture capitalists arguing against such limitations. Critics contend that these U.S.-China biotech crackdowns could be counterproductive. The overarching concern is that restrictive policies may inadvertently harm America's own scientific ecosystem, potentially alienating and hindering the very scientists crucial for maintaining U.S. leadership and innovation in the global pharmaceutical landscape.",,,"[{Timestamp('2026-05-31 16:07:44+0000', tz='UTC'): 'China’s Rise in Drug Development Looms Over U.S.'}, {Timestamp('2026-06-17 08:30:00+0000', tz='UTC'): 'STAT+: A prominent VC explains why she’s against U.S. restrictions on investment in China’s drug industry'}, {Timestamp('2026-06-29 08:30:00+0000', tz='UTC'): 'Opinion: STAT+: The U.S.-China biotech crackdown may hurt the scientists America needs the most'}]",gemini,1.0,1.6666666666666667,1.0,No Risk
1432.0,Trump Administration Shifts Special Education and Civil Rights Oversight,"The Trump administration's Education Department systematically dismantled its federal oversight and engagement concerning both civil rights and special education. This involved backing away from proactively addressing civil rights issues for Black students and prompting worries about broader protections. Changes included shifting responsibilities, such as special education oversight, out of the department, sometimes to agencies like HHS. These moves were widely seen as a weakening of federal involvement, prompting concerns over civil rights protections for various groups, including trans students. The department's shrinking scope and the perceived targeting of vulnerable populations highlighted a broader shift away from robust federal enforcement in these critical areas.",,,"[{Timestamp('2026-06-03 07:04:10+0000', tz='UTC'): ""Trump's Education Department is backing away from addressing civil rights for Black students""}, {Timestamp('2026-06-16 19:02:12+0000', tz='UTC'): 'Trump takes special education, civil rights oversight away from Education Department'}, {Timestamp('2026-06-16 19:20:18+0000', tz='UTC'): 'Special ed, civil rights to be shifted out of Trump’s shrinking Dept. of Education'}, {Timestamp('2026-06-16 19:29:18+0000', tz='UTC'): 'Trump Breaks Up Education Dept., Prompting Worries Over Civil Rights'}, {Timestamp('2026-06-17 01:00:27+0000', tz='UTC'): ""Trump Ramps Up Education Department's Dismantling With Changes On Special Education And Civil Rights""}, {Timestamp('2026-06-17 06:20:57+0000', tz='UTC'): ""Trump ramps up Education Department's dismantling with changes on special education and civil rights""}, {Timestamp('2026-06-17 11:53:26+0000', tz='UTC'): 'Trump administration will bring special ed to HHS'}, {Timestamp('2026-06-28 14:41:01+0000', tz='UTC'): 'How Trump’s Education Department Is Targeting Trans Students'}]",gemini,3.9,5.0,1.0,Policy or Political Interference
1438.0,Trump Administration's Reversal on Ocean Monitoring,"The Trump administration initially signalled its intention to back away from or scrap the vital US ocean monitoring system, sparking widespread alarm. Scientists strongly warned that such a move would leave the world ""flying blind"" without crucial data for climate and safety. In response to this potential withdrawal, the E.U. began stepping up its own ocean monitoring efforts. However, the administration subsequently reversed its controversial decision, choosing to reinstate the system. This turnaround highlights significant scientific pressure and the recognized global importance of continuous ocean observation, ultimately ensuring the monitoring capabilities remained operational despite earlier threats of cuts.",,,"[{Timestamp('2026-06-03 22:01:41+0000', tz='UTC'): 'E.U. Steps Up Ocean Monitoring as Trump Administration Backs Away'}, {Timestamp('2026-06-05 10:00:31+0000', tz='UTC'): 'Scientists warn Trump plan to axe US ocean monitoring system will leave world ‘flying blind’'}, {Timestamp('2026-06-18 19:31:44+0000', tz='UTC'): 'Trump administration reverses decision to scrap ocean monitoring system'}]",gemini,2.9333333333333336,3.3333333333333335,1.0,Research Funding Disruption
1446.0,Vaccine Study Scrutiny and Industry Challenges,"RFK Jr. and his allies are central to controversial vaccine policy debates, with studies they've used to justify changes now facing renewed scrutiny. RFK Jr. has also directly questioned journal editors about removed vaccine articles, underscoring a broader conflict over information dissemination. This struggle is evident as a COVID-19 vaccine study, initially blocked by a CDC journal, found publication elsewhere. Amidst these scientific and policy controversies, vaccine manufacturers, despite enduring a difficult period, still maintain a sense of hope for the future of their industry.",,,"[{Timestamp('2026-06-04 11:00:06+0000', tz='UTC'): 'Three studies used by RFK Jr and allies to justify controversial vaccine policy changes facing new scrutiny'}, {Timestamp('2026-06-18 00:00:00+0000', tz='UTC'): 'RFK Jr. Asks Journal Editor Why Vaccine Article Was Removed'}, {Timestamp('2026-06-23 22:52:21+0000', tz='UTC'): 'COVID-19 vaccine study that was blocked from CDC journal is published elsewhere'}, {Timestamp('2026-06-25 08:30:00+0000', tz='UTC'): 'STAT+: Facing a brutal run, battered vaccine makers still see cause for hope'}]",gemini,2.45,3.75,1.0,No Risk
1457.0,NASA Awards Advance Space Technology Research,"NASA actively fosters advancements in space technology through various strategic initiatives. One such effort involves announcing the winners of its 2026 University Innovation Competition, a program designed to engage and recognize promising academic talent. Simultaneously, the agency provides significant awards to bolster space technology research capabilities across the board. These crucial investments are instrumental in empowering universities and research institutions to explore groundbreaking ideas and develop next-generation solutions. By stimulating innovation through both competitive challenges and direct funding, NASA ensures a robust pipeline of future technologies and expertise, ultimately propelling the nation's space exploration and scientific understanding forward.",,,"[{Timestamp('2026-06-05 20:17:11+0000', tz='UTC'): 'NASA Announces Winners of 2026\xa0University Innovation\xa0Competition'}, {Timestamp('2026-06-11 21:14:44+0000', tz='UTC'): 'NASA Award Boosts Space Technology Research Capabilities'}]",gemini,1.0,0.0,1.0,No Risk
1460.0,Louisiana's Expanded ICE Operations and Protracted Detentions,"In Louisiana, the partnership between local law enforcement, such as the Lafayette sheriff’s office, and ICE has significantly expanded beyond just detention to include active enforcement. This deepened collaboration contributes to a system where individuals apprehended are subsequently held in ICE detention facilities across the state. Consequently, many detainees find themselves in an agonizing limbo, often described as ""stuck in purgatory,"" as their confinement periods stretch on for years. This highlights a concerning trend where local involvement in immigration enforcement is linked to prolonged and often indefinite detention times for individuals within Louisiana's immigration system.",,,"[{Timestamp('2026-06-06 14:21:08+0000', tz='UTC'): 'Lafayette sheriff’s ICE partnership has grown to include detention, active enforcement'}, {Timestamp('2026-06-25 10:00:38+0000', tz='UTC'): '‘Stuck in purgatory’: ICE detention times in Louisiana stretch on for years'}]",gemini,1.0,0.0,3.5,No Risk
1461.0,Judge Blocks Immigration and Student Restrictions,"Recent judicial decisions are significantly reshaping US immigration policy, often challenging previous restrictions. One judge effectively blocked Trump administration immigration curbs, specifically ordering the immediate restart of asylum processing, providing a critical reprieve for those seeking refuge. Concurrently, another court intervened to prevent a USCIS pause in operations. However, despite this legal victory, the situation for international students remains in an uncertain ""limbo."" These rulings underscore ongoing legal battles and a complex immigration landscape where court interventions offer some relief and overturn administrative actions, yet don't always fully resolve the underlying complexities or alleviate widespread uncertainty for specific immigrant groups.",,,"[{Timestamp('2026-06-06 15:46:53+0000', tz='UTC'): 'Judge Blocks Trump Immigration Restrictions, Orders Restart of Asylum Processing'}, {Timestamp('2026-06-16 07:00:00+0000', tz='UTC'): 'Judge Blocks USCIS Pause, but International Students Remain in Limbo'}]",gemini,2.45,2.0,1.0,Labor Dispute
1481.0,NCAA Loses Appeal in Texas Tech QB Betting Ban Case,"The NCAA is embroiled in significant legal challenges concerning its strict athlete gambling bans, facing setbacks in Texas courts. An appeals court notably overturned a gambling ban imposed on a Texas Tech quarterback, a decision stemming from a Texas judge's ruling against the NCAA in a broader betting case. This judicial pushback has challenged the collegiate governing body's disciplinary authority. Undeterred, the NCAA is actively appealing the court ruling to reinstate the ban, signaling a prolonged legal battle. These developments underscore growing judicial scrutiny over the NCAA's power to enforce its betting policies against student-athletes.",,,"[{Timestamp('2026-06-09 13:32:23+0000', tz='UTC'): ""NCAA appeals court ruling overturning Texas Tech QB's gambling ban""}, {Timestamp('2026-06-10 07:00:00+0000', tz='UTC'): 'Texas Judge Rules Against NCAA in Betting Case'}]",gemini,1.0,0.0,2.0,No Risk
1488.0,NC State Investigates LSU Over Will Wade's Exit,"NC State is reportedly investigating LSU regarding former men’s basketball coach Will Wade. The investigation centers on Wade’s exit from NC State and LSU’s subsequent pursuit of him. NC State has issued a letter detailing their specific reasoning behind this probe into LSU’s actions. This indicates NC State suspects potential impropriety or questionable conduct by LSU in relation to Wade’s move between the programs, prompting an official inquiry to fully understand the intricate details and any compliance implications of his transition.",,,"[{Timestamp('2026-06-10 00:30:00+0000', tz='UTC'): 'NC State is reportedly investigating LSU over Will Wade’s exit as men’s basketball coach'}, {Timestamp('2026-06-10 21:57:00+0000', tz='UTC'): 'Letter details NC State’s reasoning behind its investigation of LSU over Will Wade pursuit'}]",gemini,1.0,0.0,3.0,No Risk
1489.0,DOJ Probes CUNY's Black Male Initiative Over Racial Bias,"The Justice Department has launched an investigation into the City University of New York (CUNY) concerning potential racial bias. This federal probe specifically targets CUNY’s Black Male Initiative, examining whether the program's operations or outcomes contribute to discriminatory practices. As reported by NewsRadio 1110 KFAB, the inquiry suggests a serious review of the university’s policies and their adherence to anti-discrimination regulations. The DOJ's involvement indicates a focus on ensuring equitable treatment for all students within CUNY's various programs, scrutinizing initiatives designed for specific demographics for any unintended or inherent biases.",,,"[{Timestamp('2026-06-10 07:00:00+0000', tz='UTC'): 'DOJ Investigates CUNY’s Black Male Initiative'}, {Timestamp('2026-06-10 10:01:00+0000', tz='UTC'): 'Justice Department Probes CUNY for Racial Bias | NewsRadio 1110 KFAB'}]",gemini,2.45,2.5,1.0,No Risk
1493.0,Federal Conspiracy Charges Against Michigan Pro-Palestinian Activists,"The Department of Justice (DOJ) has brought federal charges against eight pro-Palestinian activists associated with the University of Michigan. These individuals, identified as Michigan Palestine solidarity activists, have been indicted on federal conspiracy charges. The allegations specifically claim the activists conspired to intimidate U of Michigan officials. This action by federal authorities highlights the legal targeting of activists involved in pro-Palestinian demonstrations and solidarity efforts at the university, stemming from federal investigations into their activities.",,,"[{Timestamp('2026-06-10 17:49:06+0000', tz='UTC'): 'Feds charge 8 pro-Palestinian activists with conspiring to intimidate U of Michigan officials'}, {Timestamp('2026-06-11 02:51:39+0000', tz='UTC'): 'Pro-Palestinian Activists at U. of Michigan Indicted on Federal Conspiracy Charges'}, {Timestamp('2026-06-12 18:18:42+0000', tz='UTC'): 'DOJ Targets Michigan Palestine Solidarity Activists With Federal Charges'}]",gemini,2.9333333333333336,2.6666666666666665,1.3333333333333333,Emergency Preparedness Gaps
1498.0,Stuart Bell Appointed President of University of Florida,"The University of Florida's Board officially selected Stuart Bell to become its president, following an earlier decision to hire him for an interim role. This significant leadership appointment for UF was met with some conservative criticism. Despite these objections concerning the choice, the UF Board proceeded with confirming Bell. His transition from interim to the full presidential position indicates the board's confidence in his leadership, solidifying his role at the helm of the university. The process highlights the board's ultimate authority in selecting the institution's top leader, even when facing external scrutiny and differing opinions regarding the candidate.",,,"[{Timestamp('2026-06-10 20:47:26+0000', tz='UTC'): 'University of Florida Chooses Stuart Bell for President Over Some Conservative Criticism'}, {Timestamp('2026-06-22 00:00:00+0000', tz='UTC'): 'UF Board Hires Bell as Interim President'}]",gemini,2.45,2.5,2.0,No Risk
1508.0,Hantavirus Cruise Ship Quarantine: Conflict and Conclusion,"A hantavirus outbreak on a cruise ship triggered significant debate and disagreement regarding passenger quarantines. Initially, the CDC and Florida found themselves at odds over the isolation protocols for an affected individual. The situation intensified when a specific order concerning hantavirus quarantine, attributed to RFK Jr., was strongly criticized by health experts, who labeled it as coercive rather than scientifically based. Despite these controversies and the varied expert opinions on the implementation of these measures, the quarantine period ultimately concluded, with the last of the hantavirus-exposed ship passengers completing their isolation in Nebraska.",,,"[{Timestamp('2026-06-11 19:47:58+0000', tz='UTC'): 'CDC and Florida at odds over hantavirus cruise ship passenger’s quarantine'}, {Timestamp('2026-06-20 11:00:05+0000', tz='UTC'): '‘It’s not science, it’s coercion’: health experts decry RFK Jr order on hantavirus quarantine'}, {Timestamp('2026-06-22 19:24:01+0000', tz='UTC'): 'Quarantine comes to an end for the last of the hantavirus ship passengers in Nebraska'}]",gemini,2.966666666666667,2.6666666666666665,1.0,Infectious Disease Outbreak
1527.0,Justice Department Oversight of Education Department Civil Rights,"The Department of Education (ED) has shifted some of its civil rights enforcement responsibilities to the Justice Department. This move transfers key duties regarding civil rights cases, indicating a change in oversight for these matters. Concurrently, the Justice Department is also set to investigate ED’s handling of its past civil rights cases. This signifies a dual role for the Justice Department, as it not only assumes new enforcement duties but will also scrutinize the previous performance and decisions made by the ED in the very same area. The combined actions suggest a significant re-evaluation and potential overhaul of civil rights enforcement processes.",,,"[{Timestamp('2026-06-16 00:00:00+0000', tz='UTC'): 'ED Shifts Some Civil Rights Enforcement to Justice Department'}, {Timestamp('2026-06-17 07:00:00+0000', tz='UTC'): 'Justice Department to Investigate ED’s Civil Rights Cases'}]",gemini,3.9,5.0,1.0,Policy or Political Interference
1528.0,Colleges Grapple with Plummeting Public Trust,"Public trust in higher education has dramatically plummeted, a reality colleges widely acknowledge. Leaders within institutions are actively seeking concrete solutions to address this significant erosion of public confidence. Organizations like AAC&U are underscoring the urgency of the situation, asserting that colleges must act decisively and immediately to rebuild their credibility and regain that vital trust. The challenge is clear: institutions face a critical imperative to implement effective fixes and demonstrate their value, restoring faith in the purpose and integrity of higher education in the public eye.",,,"[{Timestamp('2026-06-16 07:00:00+0000', tz='UTC'): 'Colleges Must Act Now to Regain Public Trust, AAC&U Says'}, {Timestamp('2026-06-17 15:18:14+0000', tz='UTC'): 'Colleges know public trust has plummeted, and leaders are seeking a fix'}]",gemini,2.3,2.5,1.0,Enrollment Pressure
1542.0,Tropical Storm Arthur,"Tropical Storm Arthur, despite weakening, continued to pose significant threats across the Southeast. Even as the storm fizzled, it unleashed severe weather, including widespread flooding and destructive tornadoes, particularly impacting southeastern Louisiana. The system's diminishing intensity did not mitigate its capacity for danger, with flash flood threats remaining a critical concern for various areas in the region. Arthur's passage, despite its weakening state, demonstrated its lingering power to cause substantial disruption and hazard through heavy rainfall and associated tornadic activity. Communities faced ongoing risks from the remnants of the once stronger storm, highlighting the persistent dangers of tropical systems even after their peak.",,,"[{Timestamp('2026-06-17 20:49:12+0000', tz='UTC'): 'Tropical Storm Arthur weakens but flash flood threats remain in the Southeast'}, {Timestamp('2026-06-18 21:02:51+0000', tz='UTC'): 'Flooding, tornadoes pound SE Louisiana from fizzled Tropical Storm Arthur'}, {Timestamp('2026-06-19 04:00:00+0000', tz='UTC'): 'Tropical Storm Arthur'}]",gemini,1.0,0.0,4.0,No Risk
1549.0,Trump Administration Changes Pregnancy-Prevention Program to Promote Childbearing,"The Trump Administration implemented a significant policy shift concerning federal pregnancy-prevention programs. These initiatives, originally designed to prevent pregnancies, were fundamentally altered under new directives. The core purpose of these programs was reoriented, moving away from their preventative mission to explicitly promote childbearing. This change reflects a deliberate decision by the administration to reinterpret and reshape public health policy, transitioning the focus from preventing unwanted pregnancies to actively encouraging births. This substantial re-prioritization marked a clear departure from previous policy aims in reproductive health, underscoring a new emphasis on increasing birth rates.",,,"[{Timestamp('2026-06-18 10:55:02+0000', tz='UTC'): 'Trump changes pregnancy-prevention program to promote childbearing'}, {Timestamp('2026-06-18 16:56:58+0000', tz='UTC'): 'Trump Administration Shifts Pregnancy-Prevention Program to Promote Childbearing'}]",gemini,1.0,0.0,1.0,No Risk
1552.0,US Phases Out HIV Funding in South Africa,"The Trump administration initiated a plan to phase out its HIV funding for South Africa, a decision that has triggered significant alarm among South African civil groups. These organizations are now issuing dire warnings about the severe impact anticipated as the United States withdraws financial support for crucial HIV programs. The reduction in US funding is projected to undermine years of progress in the fight against the epidemic, potentially leaving vulnerable populations without essential services. Civil society voices are emphatically highlighting the devastating consequences this shift in policy will have on public health infrastructure and the continued battle against HIV in South Africa.",,,"[{Timestamp('2026-06-18 18:23:05+0000', tz='UTC'): 'Trump administration to phase out HIV funding for South Africa'}, {Timestamp('2026-06-24 19:47:27+0000', tz='UTC'): 'South African civil groups warn of dire impact as US phases out HIV program funding'}]",gemini,2.3,2.5,1.0,Enrollment Pressure
1599.0,ICE Raids' Lingering Impact on Minnesota Immigrants,"Despite the official cessation of active ICE raids, a pervasive fear continues to grip many Minnesotans. The harsh legacy of ""Trump’s ICE Invasion"" has left deep, lasting scars, with immigrant communities still grappling with profound fallout. While direct enforcement operations may have concluded, the psychological trauma and apprehension persist, profoundly impacting daily life. Minnesota's immigrant population navigates a landscape where the threat, though diminished in immediacy, casts a long shadow, fostering ongoing insecurity and a reluctance to fully trust. The echoes of past actions ensure that for many, the fear remains a constant, unwelcome companion, long after the physical raids ceased.",,,"[{Timestamp('2026-06-25 02:40:13+0000', tz='UTC'): 'The ICE raids are over, but some Minnesotans say they still live in fear'}, {Timestamp('2026-06-27 23:07:56+0000', tz='UTC'): 'Minnesota Immigrants Are Still Facing the Fallout of Trump’s ICE Invasion'}]",gemini,3.9,4.0,1.5,Labor Dispute
1611.0,"THOUGHT: The user wants a single, concise canonical title summarizing the main topic.
The articles are about:
1.  A federal court stopping the Education Department's (ED) narrow definition of 'professional' degrees.
2.  The ED issuing a new list of professional degrees *after* the court order.

The common theme is the Education Department's definition/list of professional degrees, particularly in response to a court challenge.

Possible titles:
*   Education Department's Definition of Professional Degrees
*   ED's Professional Degree Definition Challenged in Court
*   Federal Court's Impact on ED's Professional Degree Definition
*   Education Department Revises Professional Degree Definition After Court Order

The last one seems most encompassing as it covers both the challenge and the subsequent change. ""Revises"" implies the stopping of the old and the issuing of a new. ""After Court Order"" specifies the cause. ""Education Department"" is clearer than ""ED"" for a general title.

Let's check the request: ""ONLY ONE concise canonical title that summarizes the main topic of the story. No bullets. No preface. No list.""

""Education Department Revises Professional Degree Definition After Court Order"" fits these criteria. It's one title, concise, summarizes the main topic (ED, professional degrees, court impact), and is not a list.Education Department Revises Professional Degree Definition After Court Order","A federal court recently intervened to stop the Education Department's (ED) previously narrowed definition of 'professional' degrees. This judicial action challenged the restrictive criteria the ED had been attempting to implement. Following the court's order, which nullified the prior, more limited interpretation, the Education Department was compelled to reevaluate its stance. Consequently, the ED has now issued a new and revised list of professional degrees. This development signifies a significant shift, broadening the scope of recognized professional qualifications in compliance with the court's directive, moving away from its earlier, more constrained classification.",,,"[{Timestamp('2026-06-25 20:16:55+0000', tz='UTC'): 'Narrowed Education Department definition of ‘professional’ degrees stopped in federal court'}, {Timestamp('2026-06-30 00:00:00+0000', tz='UTC'): 'ED Issues New List of Professional Degrees After Court Order'}]",gemini,3.9,5.0,1.0,Policy or Political Interference
1628.0,Supreme Court Upholds State Bans on Transgender Athletes in Women's Sports,"The Supreme Court has issued a significant ruling, largely upholding various state laws that ban transgender athletes from participating in female sports teams, encompassing both school and college levels. This decision effectively grants states the authority to bar transgender women from competing in girls’ and women’s sports. The verdict has sparked considerable controversy, leaving advocates ""crestfallen"" and prompting strong criticism, with some describing the ruling as ""replete with transphobia."" This legal development underscores a contentious stance on transgender athletes' rights, allowing states to enforce restrictions across the United States.",,,"[{Timestamp('2026-06-30 14:03:01+0000', tz='UTC'): 'Supreme Court Lets States Ban Trans Athletes in Female Teams'}, {Timestamp('2026-06-30 14:04:06+0000', tz='UTC'): 'Supreme Court upholds transgender bans in girls’ and women’s sports'}, {Timestamp('2026-06-30 14:54:18+0000', tz='UTC'): 'US Supreme Court upholds transgender athlete bans'}, {Timestamp('2026-06-30 15:42:00+0000', tz='UTC'): 'Supreme Court Upholds State Laws Banning Trans Athletes'}, {Timestamp('2026-06-30 17:02:39+0000', tz='UTC'): 'US Supreme Court upholds bans on transgender women in female school and college sports'}, {Timestamp('2026-06-30 17:31:07+0000', tz='UTC'): 'Supreme Court Ruling on Trans Athletes Leaves Advocates Crestfallen'}, {Timestamp('2026-06-30 17:56:04+0000', tz='UTC'): 'Supreme Court Allows States to Bar Transgender Athletes From Girls’ Sports'}, {Timestamp('2026-06-30 19:09:16+0000', tz='UTC'): 'Supreme Court Rules Against Trans Athletes in Verdict Replete with Transphobia'}]",gemini,2.5375,2.625,1.0,No Risk
1629.0,Eastern US Heat Wave,"The eastern United States is bracing for a significant and potentially dangerous heatwave set to sweep across the region. This extreme weather event is forecast to bring uncomfortably high temperatures, posing risks to public health and safety. Compounding the situation, this widespread heatwave is anticipated to collide directly with scheduled World Cup matches. The coincidence of severe heat and major sporting events raises concerns for both athletes and spectators, who will need to take extra precautions against heat-related illnesses. Authorities are urging residents and visitors alike to stay hydrated, seek air-conditioned environments, and monitor vulnerable populations as the hot conditions persist across the eastern seaboard.",,,"[{Timestamp('2026-06-30 14:41:58+0000', tz='UTC'): 'Eastern US Heat Wave Set to Collide With World Cup Matches'}, {Timestamp('2026-06-30 15:42:00+0000', tz='UTC'): 'Potentially dangerous heatwave to sweep across the eastern United States'}]",gemini,1.0,0.0,1.0,No Risk
